num,name,tier,type1,type2,ability1,ability2,hp,atk,def,spa,spd,spe,bst,ourank,ouusagesh,rank1,round,roletype,phyatksh,phydefsh,physpc,hazards,recovery,momentum,hazremoval,priority,screens,atkbug,atkdark,atkdragon,atkelectric,atkfairy,atkfighting,atkfire,atkflying,atkghost,atkgrass,atkground,atkice,atknormal,atkpoison,atkpsychic,atkrock,atksteel,atkwater,defbug,defdark,defdragon,defelectric,deffairy,deffighting,deffire,defflying,defghost,defgrass,defground,defice,defnormal,defpoison,defpsychic,defrock,defsteel,defwater,tiernum,ounum,code1,font1,code2,font2
645,Landorus-Therian,OU,Ground,Flying,Intimidate,,89,145,90,105,80,91,600,A+,.2716366,1,1,Offense,.57999998,.52941179,Physical,,,,,,,2,1,1,2,1,2,2,1,1,2,1,1,1,2,1,2,2,1,.5,1,1,0,1,.5,1,1,1,1,0,4,1,.5,1,1,1,2,2,2,#e7cc58,#000000,#b7c9c9,#000000
815,Cinderace,OU,Fire,,Blaze,Libero,80,116,75,65,75,119,530,A+,.177502,2,6,Offense,.64088398,.5,Physical,,,1,1,,,2,1,.5,1,1,1,.5,1,1,2,1,2,1,1,1,.5,2,.5,.5,1,1,1,.5,1,.5,1,1,.5,2,.5,1,1,1,2,.5,2,2,2,#f46a1f,#FFFFFF,,
36,Clefable,OU,Fairy,,Cute Charm,Unaware,95,70,73,95,90,60,483,A+,.1750176,3,2,Mixed,.42424244,.44785276,Special,1,1,1,,,1,1,2,2,1,1,2,.5,1,1,1,1,1,1,.5,1,1,.5,1,.5,.5,0,1,1,.5,1,1,1,1,1,1,1,2,1,1,2,1,2,2,#ee5ed2,#FFFFFF,,
598,Ferrothorn,OU,Grass,Steel,Iron Barbs,Anticipation,74,94,131,54,116,20,489,A+,.1732975,4,1,Defense,.63513511,.53036439,Mixed,1,,,,,,1,1,1,1,2,1,.5,1,1,1,2,2,1,1,1,2,.5,2,1,1,.5,.5,.5,2,4,1,1,.25,1,1,.5,0,.5,.5,.5,.5,2,2,#31a31f,#FFFFFF,#c3c4c5,#000000
445,Garchomp,OU,Dragon,Ground,Sand Veil,Rough Skin,108,130,95,80,85,102,600,A+,.1577174,5,1,Offense,.61904764,.52777779,Physical,1,,1,,,,1,1,2,2,1,1,2,1,1,1,1,1,1,2,1,2,2,1,1,1,2,0,2,1,.5,1,1,1,1,4,1,.5,1,.5,1,1,2,2,#580858,#FFFFFF,#e7cc58,#000000
485,Heatran,OU,Fire,Steel,Flash Fire,Flame Body,91,90,106,130,106,77,600,A+,.1432223,6,1,Offense,.40909091,.5,Special,1,,1,,,,2,1,1,1,2,1,.5,1,1,2,1,2,1,1,1,2,2,.5,.25,1,.5,1,.25,2,0,.5,1,.25,4,.25,.5,0,.5,1,.25,2,2,2,#f46a1f,#FFFFFF,#c3c4c5,#000000
897,Spectrier,OU,Ghost,,Grim Neigh,,100,65,60,145,80,130,580,A+,.1287099,7,,Offense,.30952382,.42857143,Special,,,,,,,1,.5,1,1,1,1,1,1,2,1,1,1,0,1,2,1,1,1,.5,2,1,1,1,0,1,1,2,1,1,1,0,.5,1,1,1,1,2,2,#8d2d63,#FFFFFF,,
748,Toxapex,OU,Poison,Water,Merciless,Regenerator,50,63,152,53,142,35,495,A+,.1244499,8,2,Defense,.54310346,.51700681,Mixed,,1,,,,1,1,1,1,1,2,1,2,1,1,2,2,1,1,1,1,2,1,1,.5,1,1,2,.5,.5,.5,1,1,1,2,.5,1,.5,2,1,.5,.5,2,2,#370454,#FFFFFF,#0819fb,#FFFFFF
809,Melmetal,OU,Steel,,Iron Fist,,135,143,143,80,65,34,600,A+,.0971321,9,,Offense,.64125562,.6875,Physical,,,,,,,1,1,1,.5,2,1,.5,1,1,1,1,2,1,1,1,2,.5,.5,.5,1,.5,1,.5,2,2,.5,1,.5,2,.5,.5,0,.5,.5,.5,1,2,2,#c3c4c5,#000000,,
812,Rillaboom,OU,Grass,,Overgrow,Grassy Surge,100,125,90,60,70,85,530,A,.1518979,10,4,Offense,.67567569,.5625,Physical,,,1,,1,,.5,1,.5,1,1,1,.5,.5,1,.5,2,1,1,.5,1,2,.5,2,2,1,1,.5,1,1,2,2,1,.5,.5,2,1,2,1,1,1,.5,2,3,#31a31f,#FFFFFF,,
145,Zapdos,OU,Electric,Flying,Pressure,Static,90,90,85,125,90,100,580,A,.1503251,11,8,Mixed,.41860464,.48571429,Special,,1,1,1,,1,2,1,1,.5,1,2,1,2,1,2,1,1,1,1,1,1,1,2,.5,1,1,1,1,.5,1,.5,1,.5,0,2,1,1,1,2,.5,1,2,3,#f0f200,#000000,#b7c9c9,#000000
788,Tapu Fini,OU,Water,Fairy,Misty Surge,Telepathy,70,75,115,95,130,85,570,A,.1320319,12,2,Defense,.44117647,.46938777,Mixed,,,,1,,1,1,2,2,1,1,2,2,1,1,1,2,1,1,1,1,2,1,1,.5,.5,0,2,1,.5,.5,1,1,2,1,.5,1,2,1,1,1,.5,2,3,#0819fb,#FFFFFF,#ee5ed2,#FFFFFF
80,Slowbro,OU,Water,Psychic,Oblivious,Regenerator,95,75,110,100,80,30,490,A,.0945427,13,5,Defense,.42857143,.57894737,Physical,,1,1,,,1,1,1,1,1,1,2,2,1,1,1,2,1,1,2,1,2,1,1,2,2,1,2,1,.5,.5,1,2,2,1,.5,1,1,.5,1,.5,.5,2,3,#0819fb,#FFFFFF,#f90da7,#FFFFFF
530,Excadrill,OU,Ground,Steel,Sand Rush,Mold Breaker,110,135,60,50,65,88,508,A,.0872636,14,3,Offense,.72972971,.47999999,Physical,1,,,1,,,1,1,1,2,2,1,2,1,1,1,1,2,1,2,1,2,2,1,.5,1,.5,0,.5,2,2,.5,1,1,2,1,.5,0,.5,.25,.5,2,2,3,#e7cc58,#000000,#c3c4c5,#000000
630,Mandibuzz,OU,Dark,Flying,Big Pecks,Weak Armor,110,65,105,55,95,80,510,A,.0861207,15,6,Defense,.54166669,.52499998,Mixed,,1,1,1,,,2,1,1,1,1,2,1,1,2,2,1,1,1,1,2,1,1,1,1,.5,1,2,2,1,1,1,.5,.5,0,2,1,1,0,2,1,1,2,3,#000000,#FFFFFF,#b7c9c9,#000000
641,Tornadus-Therian,OU,Flying,,Regenerator,,79,100,80,110,90,121,580,A,.0571518,16,2,Offense,.47619048,.47058824,Mixed,,,,,,,2,1,1,.5,1,2,1,1,1,2,1,1,1,1,1,.5,.5,1,.5,1,1,2,1,.5,1,1,1,.5,0,2,1,1,1,2,1,1,2,3,#b7c9c9,#000000,,
34,Nidoking,OU,Poison,Ground,Poison Point,Sheer Force,81,102,77,85,75,85,505,A-,.1051092,17,5,Offense,.54545456,.50657892,Mixed,1,,1,,1,1,1,1,1,2,2,1,2,1,1,2,1,1,1,2,1,2,2,1,.5,1,1,0,.5,.5,1,1,1,1,2,2,1,.25,2,.5,1,2,2,4,#370454,#FFFFFF,#e7cc58,#000000
887,Dragapult,OU,Dragon,Ghost,Clear Body,Cursed Body,88,120,75,100,75,142,600,A-,.1017402,18,1,Offense,.54545456,.5,Mixed,,,1,,1,1,1,1,2,1,1,1,1,1,2,1,1,1,1,1,2,1,1,1,.5,2,2,.5,2,0,.5,1,2,.5,1,2,0,.5,1,1,1,.5,2,4,#580858,#FFFFFF,#8d2d63,#FFFFFF
146,Moltres,OU,Fire,Flying,Pressure,Flame Body,90,100,90,125,85,90,580,A-,.1008605,19,3,Mixed,.44444445,.51428574,Special,,1,1,1,,1,2,1,1,1,1,2,1,1,1,2,1,2,1,1,1,.5,2,1,.25,1,1,2,.5,.5,.5,1,1,.25,0,1,1,1,1,4,.5,2,2,4,#f46a1f,#FFFFFF,#b7c9c9,#000000
785,Tapu Koko,OU,Electric,Fairy,Electric Surge,Telepathy,70,115,85,95,75,130,570,A-,.0901363,20,1,Offense,.54761904,.53125,Mixed,,1,1,1,,1,1,2,2,1,1,2,1,2,1,1,1,1,1,1,1,1,1,2,.5,.5,0,.5,1,.5,1,.5,1,1,2,1,1,2,1,1,1,1,2,4,#f0f200,#000000,#ee5ed2,#FFFFFF
798,Kartana,OU,Grass,Steel,Beast Boost,,59,181,131,59,31,109,570,A-,.0842131,21,,Offense,.75416666,.80864197,Physical,,1,,1,,,1,1,1,1,2,1,.5,1,1,1,2,2,1,1,1,2,.5,2,1,1,.5,.5,.5,2,4,1,1,.25,1,1,.5,0,.5,.5,.5,.5,2,4,#31a31f,#FFFFFF,#c3c4c5,#000000
242,Blissey,OU,Normal,,Natural Cure,Healer,255,10,10,75,135,55,540,A-,.0821129,22,3,Defense,.11764706,.068965517,Special,1,1,,,,1,1,1,1,1,1,1,1,1,0,1,1,1,1,1,1,.5,.5,1,1,1,1,1,1,2,1,1,0,1,1,1,1,1,1,1,1,1,2,4,#cdd5d6,#000000,,
199,Slowking-Galar,OU,Poison,Psychic,Curious Medicine,Regenerator,95,65,80,110,110,30,490,A-,.0809733,23,,Mixed,.37142858,.42105263,Special,,1,,,,1,1,1,1,1,2,2,1,1,1,2,1,1,1,2,1,1,.5,1,1,2,1,1,.5,.25,1,1,2,.5,2,1,1,.5,1,1,1,1,2,4,#370454,#FFFFFF,#f90da7,#FFFFFF
248,Tyranitar,OU,Rock,Dark,Sand Stream,Unnerve,100,134,110,95,100,61,600,A-,.0774012,24,4,Offense,.58515286,.52380955,Physical,1,,1,,,,2,1,1,1,1,.5,2,2,2,1,1,2,1,1,2,1,1,1,2,.5,1,1,2,4,.5,.5,.5,2,2,1,.5,.5,0,1,2,2,2,4,#eac56e,#000000,#000000,#FFFFFF
823,Corviknight,OU,Flying,Steel,Pressure,Mirror Armor,98,87,105,53,85,67,495,A-,.0702892,25,10,Defense,.62142855,.55263156,Physical,,1,1,,,1,2,1,1,.5,2,2,1,1,1,2,1,2,1,1,1,2,.5,1,.25,1,.5,2,.5,1,2,.5,1,.25,0,1,.5,0,.5,1,.5,1,2,4,#b7c9c9,#000000,#c3c4c5,#000000
786,Tapu Lele,OU,Psychic,Fairy,Psychic Surge,Telepathy,70,85,75,130,115,95,570,A-,.0617057,26,2,Offense,.39534885,.39473686,Special,,,,,,1,1,2,2,1,1,2,1,1,1,1,1,1,1,2,1,1,.5,1,1,1,0,1,1,.25,1,1,2,1,1,1,1,2,.5,1,2,1,2,4,#f90da7,#FFFFFF,#ee5ed2,#FFFFFF
635,Hydreigon,OU,Dark,Dragon,Levitate,,92,105,90,125,90,98,600,A-,.0581831,27,,Offense,.45652175,.5,Mixed,,1,1,1,,1,1,1,2,1,.5,1,1,1,2,1,1,1,1,1,2,1,1,1,2,.5,2,.5,4,2,.5,1,.5,.5,0,2,1,1,0,1,1,.5,2,4,#000000,#FFFFFF,#580858,#FFFFFF
381,Latios,OU,Dragon,Psychic,Levitate,,80,90,80,130,110,110,600,B+,.0620909,28,4,Offense,.40909091,.42105263,Special,,1,1,1,,1,1,1,2,1,1,2,1,1,1,1,1,1,1,2,1,1,.5,1,2,2,2,.5,2,.5,.5,1,2,.5,0,2,1,1,.5,1,1,.5,2,5,#580858,#FFFFFF,#f90da7,#FFFFFF
450,Hippowdon,OU,Ground,,Sand Stream,Sand Force,108,112,118,68,72,47,525,B+,.0485421,29,5,Defense,.62222224,.62105262,Physical,1,1,1,,,,.5,1,1,2,1,1,2,0,1,.5,1,1,1,2,1,2,2,1,1,1,1,0,1,1,1,1,1,2,1,2,1,.5,1,.5,1,2,2,5,#e7cc58,#000000,,
260,Swampert,OU,Water,Ground,Torrent,Damp,100,110,90,85,90,60,535,B,.0963496,30,2,Mixed,.56410259,.5,Physical,1,,1,,,,1,1,1,2,1,1,2,1,1,.5,2,1,1,2,1,2,2,1,1,1,1,0,1,1,.5,1,1,4,1,1,1,.5,1,.5,.5,1,2,6,#0819fb,#FFFFFF,#e7cc58,#000000
794,Buzzwole,OU,Bug,Fighting,Beast Boost,,107,139,139,53,53,79,570,B,.0785791,31,4,Mixed,.72395831,.72395831,Physical,,1,,,,,1,2,1,1,.5,1,1,.5,.5,2,1,2,2,.5,2,2,2,1,.5,.5,1,1,2,.5,2,4,1,.5,.5,1,1,1,2,1,1,1,2,6,#79c379,#000000,#a9240d,#FFFFFF
894,Regieleki,OU,Electric,,Transistor,,80,100,50,100,50,200,580,B,.0716333,32,1,Offense,.5,.5,Mixed,,,1,1,1,1,1,1,.5,.5,1,1,1,2,1,.5,0,1,1,1,1,1,1,2,1,1,1,.5,1,1,1,.5,1,1,2,1,1,1,1,1,.5,1,2,6,#f0f200,#000000,,
149,Dragonite,OU,Dragon,Flying,Inner Focus,Multiscale,91,134,95,100,100,80,600,B,.0650831,33,2,Offense,.5726496,.48717949,Physical,,1,1,1,1,1,2,1,2,1,1,2,1,1,1,2,1,1,1,1,1,1,.5,1,.5,1,2,1,2,.5,.5,1,1,.25,0,4,1,1,1,2,1,.5,2,6,#580858,#FFFFFF,#b7c9c9,#000000
637,Volcarona,OU,Bug,Fire,Flame Body,Swarm,85,60,65,135,105,100,550,B,.055807,34,8,Offense,.30769232,.38235295,Special,,1,1,1,,1,2,2,1,1,1,1,.5,1,1,2,1,2,1,1,2,1,2,1,.5,1,1,1,.5,.5,1,2,1,.25,1,.5,1,1,1,4,.5,2,2,6,#79c379,#000000,#f46a1f,#FFFFFF
701,Hawlucha,OU,Fighting,Flying,Limber,Mold Breaker,78,92,75,74,63,118,500,B,.0457551,35,4,Offense,.55421686,.54347825,Physical,,1,1,1,,,2,2,1,1,1,2,1,1,1,2,1,2,2,1,1,2,2,1,.25,.5,1,2,2,.5,1,2,1,.5,0,2,1,1,2,1,1,1,2,6,#a9240d,#FFFFFF,#b7c9c9,#000000
279,Pelipper,OU,Water,Flying,Keen Eye,Rain Dish,60,50,100,95,70,65,440,B-,.0814601,36,2,Defense,.34482759,.58823532,Physical,,1,1,1,,,2,1,1,1,1,2,2,1,1,2,2,1,1,1,1,2,1,1,.5,1,1,4,1,.5,.5,1,1,1,0,1,1,1,1,2,.5,.5,2,7,#0819fb,#FFFFFF,#b7c9c9,#000000
847,Barraskewda,OU,Water,,Swift Swim,Propeller Tail,61,123,60,60,50,136,490,B-,.0668156,37,,Offense,.67213112,.54545456,Physical,,,1,,1,,1,1,.5,1,1,1,2,1,1,.5,2,1,1,1,1,2,1,.5,1,1,1,2,1,1,.5,1,1,2,1,.5,1,1,1,1,.5,.5,2,7,#0819fb,#FFFFFF,,
892,Urshifu-Rapid-Strike,OU,Fighting,Water,Unseen Fist,,100,130,100,63,60,97,550,B-,.0499634,38,7,Offense,.6735751,.625,Physical,,,1,,1,,1,2,1,1,1,1,2,1,1,1,2,2,2,1,1,2,2,1,.5,.5,1,2,2,1,.5,2,1,2,1,.5,1,1,2,.5,.5,.5,2,7,#a9240d,#FFFFFF,#0819fb,#FFFFFF
145,Zapdos-Galar,OU,Fighting,Flying,Defiant,,90,125,90,85,90,100,580,C+,.0441494,39,3,Offense,.59523809,.5,Physical,,,1,,,1,2,2,1,1,1,2,1,1,1,2,1,2,2,1,1,2,2,1,.25,.5,1,2,2,.5,1,2,1,.5,0,2,1,1,2,1,1,1,2,8,#a9240d,#FFFFFF,#b7c9c9,#000000
880,Dracozolt,UUBL,Electric,Dragon,Volt Absorb,Sand Rush,90,100,90,80,70,75,505,B+,.0276057,40,7,Offense,.55555558,.5625,Physical,,,,,,,1,1,2,1,1,1,1,2,1,1,1,1,1,1,1,1,1,2,1,1,2,0,2,1,.5,.5,1,.5,2,2,1,1,1,1,.5,.5,3,5,#f0f200,#000000,#580858,#FFFFFF
257,Blaziken,UUBL,Fire,Fighting,Blaze,Speed Boost,80,120,70,110,70,80,530,B,.034569,41,,Offense,.52173913,.5,Mixed,,,1,1,,,2,2,1,1,1,1,1,1,1,2,1,2,2,1,1,2,2,1,.25,.5,1,1,1,1,.5,2,1,.5,2,.5,1,1,2,1,.5,2,3,6,#f46a1f,#FFFFFF,#a9240d,#FFFFFF
681,Aegislash,UUBL,Steel,Ghost,Stance Change,,60,50,140,50,140,60,500,B,.0288755,42,,Mixed,.5,.5,Mixed,,,,,1,1,1,1,1,1,2,1,1,1,2,1,1,2,1,1,2,2,1,1,.25,2,.5,1,.5,0,2,.5,2,.5,2,.5,0,0,.5,.5,.5,1,3,6,#c3c4c5,#000000,#8d2d63,#FFFFFF
94,Gengar,UUBL,Ghost,Poison,Cursed Body,,60,65,60,130,75,110,500,C+,.0184243,43,9,Offense,.33333334,.44444445,Special,,,,,1,,1,1,1,1,2,1,1,1,2,2,1,1,1,1,2,1,1,1,.25,2,1,1,.5,0,1,1,2,.5,2,1,0,.25,2,1,1,1,3,8,#8d2d63,#FFFFFF,#370454,#FFFFFF
806,Blacephalon,UUBL,Fire,Ghost,Beast Boost,,53,127,53,151,79,107,570,C,.0190333,44,,Offense,.45683452,.40151516,Mixed,,,,,,1,2,1,1,1,1,1,1,1,2,2,1,2,1,1,2,1,2,1,.25,2,1,1,.5,0,.5,1,2,.5,2,.5,0,.5,1,2,.5,2,3,9,#f46a1f,#FFFFFF,#8d2d63,#FFFFFF
461,Weavile,UUBL,Dark,Ice,Pressure,Pickpocket,70,120,65,45,85,125,510,C,.0186549,45,9,Offense,.72727275,.43333334,Physical,,,,,1,1,1,1,2,1,1,1,1,2,2,2,2,1,1,1,2,1,1,1,2,.5,1,1,2,4,2,1,.5,1,1,.5,1,1,0,2,2,1,3,9,#000000,#FFFFFF,#1df1f6,#000000
199,Slowking,UU,Water,Psychic,Oblivious,Regenerator,95,75,80,100,110,30,490,A-,.0151591,46,,Defense,.42857143,.42105263,Special,,1,,,,1,1,1,1,1,1,2,2,1,1,1,2,1,1,2,1,2,1,1,2,2,1,2,1,.5,.5,1,2,2,1,.5,1,1,.5,1,.5,.5,4,4,#0819fb,#FFFFFF,#f90da7,#FFFFFF
465,Tangrowth,UU,Grass,,Chlorophyll,Regenerator,100,100,125,110,50,50,535,B+,.0177449,47,5,Defense,.47619048,.71428573,Physical,,1,,,,1,.5,1,.5,1,1,1,.5,.5,1,.5,2,1,1,.5,1,2,.5,2,2,1,1,.5,1,1,2,2,1,.5,.5,2,1,2,1,1,1,.5,4,5,#31a31f,#FFFFFF,,
646,Kyurem,UU,Dragon,Ice,Pressure,,125,130,90,130,90,95,660,B+,.0226383,48,9,Offense,.5,.5,Mixed,,1,,,,1,1,1,2,1,1,1,1,2,1,2,2,1,1,1,1,1,.5,1,1,1,2,.5,2,2,1,1,1,.5,1,1,1,1,1,2,2,.5,4,5,#580858,#FFFFFF,#1df1f6,#000000
494,Victini,UU,Psychic,Fire,Victory Star,,100,100,100,100,100,100,600,B,.0245457,49,1,Offense,.5,.5,Mixed,,,1,,,1,2,1,1,1,1,2,1,1,1,2,1,2,1,2,1,1,2,1,1,2,1,1,.5,.5,.5,1,2,.5,2,.5,1,1,.5,2,.5,2,4,6,#f90da7,#FFFFFF,#f46a1f,#FFFFFF
784,Kommo-o,UU,Dragon,Fighting,Bulletproof,Overcoat,75,110,125,100,105,85,600,B,.022306,50,4,Mixed,.52380955,.54347825,Mixed,1,,1,,,,1,2,2,1,.5,1,1,1,1,1,1,2,2,1,1,2,2,1,.5,.5,2,.5,4,1,.5,2,1,.5,1,2,1,1,2,.5,1,.5,4,6,#580858,#FFFFFF,#a9240d,#FFFFFF
591,Amoonguss,UU,Grass,Poison,Effect Spore,Regenerator,114,85,70,85,80,30,464,B,.0114063,51,6,Defense,.5,.46666667,Mixed,,1,,,,,1,1,1,1,2,1,1,1,1,2,2,1,1,.5,1,2,.5,2,1,1,1,.5,.5,.5,2,2,1,.25,1,2,1,1,2,1,1,.5,4,6,#31a31f,#FFFFFF,#370454,#FFFFFF
227,Skarmory,UU,Steel,Flying,Keen Eye,Weak Armor,65,80,140,40,70,70,465,B,.0188576,52,6,Defense,.66666669,.66666669,Physical,1,1,1,1,,,2,1,1,.5,2,2,1,1,1,2,1,2,1,1,1,2,.5,1,.25,1,.5,2,.5,1,2,.5,1,.25,0,1,.5,0,.5,1,.5,1,4,6,#c3c4c5,#000000,#b7c9c9,#000000
146,Moltres-Galar,UU,Dark,Flying,Berserk,,90,85,90,100,125,90,580,B,.0105564,53,,Offense,.45945945,.41860464,Mixed,,,1,,1,,2,1,1,1,1,2,1,1,2,2,1,1,1,1,2,1,1,1,1,.5,1,2,2,1,1,1,.5,.5,0,2,1,1,0,2,1,1,4,6,#000000,#FFFFFF,#b7c9c9,#000000
342,Crawdaunt,UU,Water,Dark,Hyper Cutter,Adaptability,63,120,85,90,55,55,468,B,.0221293,54,,Offense,.5714286,.60714287,Physical,,,,,1,,1,1,1,1,1,1,2,1,2,1,2,1,1,1,2,2,1,1,2,.5,1,2,2,2,.5,1,.5,2,1,.5,1,1,0,1,.5,.5,4,6,#0819fb,#FFFFFF,#000000,#FFFFFF
212,Scizor,UU,Bug,Steel,Swarm,Light Metal,70,130,100,55,80,65,500,B-,.0192208,55,7,Offense,.7027027,.55555558,Physical,,1,1,1,1,1,1,2,1,1,2,1,.5,1,1,2,1,2,1,1,2,2,.5,1,.5,1,.5,1,.5,1,4,1,1,.25,1,.5,.5,0,.5,1,.5,1,4,7,#79c379,#000000,#c3c4c5,#000000
31,Nidoqueen,UU,Poison,Ground,Poison Point,Sheer Force,90,92,87,75,85,76,505,B-,.0087744,56,,Offense,.55089819,.50581396,Physical,1,,1,,,1,1,1,1,2,2,1,2,1,1,2,1,1,1,2,1,2,2,1,.5,1,1,0,.5,.5,1,1,1,1,2,2,1,.25,2,.5,1,2,4,7,#370454,#FFFFFF,#e7cc58,#000000
858,Hatterene,UU,Psychic,Fairy,Healer,Magic Bounce,57,90,95,136,103,29,510,B-,.0172306,57,12,Offense,.39823008,.47979799,Special,,,,,,1,1,2,2,1,1,2,1,1,1,1,1,1,1,2,1,1,.5,1,1,1,0,1,1,.25,1,1,2,1,1,1,1,2,.5,1,2,1,4,7,#f90da7,#FFFFFF,#ee5ed2,#FFFFFF
807,Zeraora,UU,Electric,,Volt Absorb,,88,112,75,102,80,143,600,C+,.0244915,58,3,Offense,.52336448,.48387095,Mixed,,,1,,1,,1,1,.5,.5,1,1,1,2,1,.5,0,1,1,1,1,1,1,2,1,1,1,0,1,1,1,.5,1,1,2,1,1,1,1,1,.5,1,4,8,#f0f200,#000000,,
380,Latias,UU,Dragon,Psychic,Levitate,,80,80,90,110,130,110,600,C+,.0133412,59,5,Offense,.42105263,.40909091,Special,,1,1,1,1,1,1,1,2,1,1,2,1,1,1,1,1,1,1,2,1,1,.5,1,2,2,2,.5,2,.5,.5,1,2,.5,0,2,1,1,.5,1,1,.5,4,8,#580858,#FFFFFF,#f90da7,#FFFFFF
184,Azumarill,UU,Water,Fairy,Thick Fat,Sap Sipper,100,50,80,60,80,50,420,C+,.0317632,60,6,Offense,.45454547,.5,Mixed,,,,,1,1,1,2,2,1,1,2,2,1,1,1,2,1,1,1,1,2,1,1,.5,.5,0,2,1,.5,.5,1,1,0,1,.5,1,2,1,1,1,.5,4,8,#0819fb,#FFFFFF,#ee5ed2,#FFFFFF
385,Jirachi,UU,Steel,Psychic,Serene Grace,,100,100,100,100,100,100,600,C+,.0108692,61,7,Offense,.5,.5,Mixed,1,1,1,,,1,1,1,1,1,2,2,1,1,1,1,1,2,1,2,1,2,.5,1,1,2,.5,1,.5,1,2,.5,2,.5,2,.5,.5,0,.25,.5,.5,1,4,8,#c3c4c5,#000000,#f90da7,#FFFFFF
787,Tapu Bulu,UU,Grass,Fairy,Grassy Surge,Telepathy,70,130,115,85,95,75,570,C+,.0103556,62,5,Offense,.60465115,.54761904,Physical,,1,1,,,1,1,2,2,1,1,2,.5,1,1,1,2,1,1,.5,1,2,.5,2,1,.5,0,.5,1,.5,2,2,1,.5,.5,2,1,4,1,1,2,.5,4,8,#31a31f,#FFFFFF,#ee5ed2,#FFFFFF
639,Terrakion,UU,Rock,Fighting,Justified,,91,129,90,72,90,108,580,C+,.0043652,63,,Offense,.64179105,.5,Physical,1,,1,,,1,2,2,1,1,1,1,2,2,1,1,1,2,2,1,1,2,2,1,.5,.5,1,1,2,2,.5,1,1,2,2,1,.5,.5,2,.5,2,2,4,8,#eac56e,#000000,#a9240d,#FFFFFF
797,Celesteela,UU,Steel,Flying,Beast Boost,,97,101,103,107,101,61,570,C+,.0158477,64,3,Mixed,.48557693,.50490195,Mixed,,,,,,,2,1,1,.5,2,2,1,1,1,2,1,2,1,1,1,2,.5,1,.25,1,.5,2,.5,1,2,.5,1,.25,0,1,.5,0,.5,1,.5,1,4,8,#c3c4c5,#000000,#b7c9c9,#000000
479,Rotom-Heat,UU,Electric,Fire,Levitate,,50,65,107,105,107,86,520,C+,.0119685,65,8,Offense,.38235295,.5,Special,,,,,,,2,1,.5,1,1,1,1,2,1,2,1,2,1,1,1,1,2,2,.5,1,1,.5,.5,1,.5,.5,1,.5,0,.5,1,1,1,2,.25,2,4,8,#f0f200,#000000,#f46a1f,#FFFFFF
151,Mew,UU,Psychic,,Synchronize,,100,100,100,100,100,100,600,C+,.0153524,66,3,Mixed,.5,.5,Mixed,1,1,1,1,1,1,1,0,1,1,1,2,1,1,1,1,1,1,1,2,.5,1,.5,1,2,2,1,1,1,.5,1,1,2,1,1,1,1,1,.5,1,1,1,4,8,#f90da7,#FFFFFF,,
479,Rotom-Wash,UU,Electric,Water,Levitate,,50,65,107,105,107,86,520,C+,.019023,67,8,Offense,.38235295,.5,Special,,,,,,,1,1,.5,1,1,1,2,2,1,.5,2,1,1,1,1,2,1,2,1,1,1,1,1,1,.5,.5,1,2,0,.5,1,1,1,1,.25,.5,4,8,#f0f200,#000000,#0819fb,#FFFFFF
642,Thundurus-Therian,UU,Electric,Flying,Volt Absorb,,79,105,70,145,80,101,580,C+,.0173202,68,9,Offense,.41999999,.46666667,Special,,,,,,,2,1,1,.5,1,2,1,2,1,2,1,1,1,1,1,1,1,2,.5,1,1,0,1,.5,1,.5,1,.5,0,2,1,1,1,2,.5,1,4,8,#f0f200,#000000,#b7c9c9,#000000
38,Ninetales-Alola,UU,Ice,Fairy,Snow Cloak,Snow Warning,73,67,75,81,100,109,505,C+,.0181746,69,,Offense,.4527027,.42857143,Mixed,,,1,,1,1,1,2,2,1,1,2,.5,2,1,2,2,1,1,1,1,1,.5,1,.5,.5,0,1,1,1,2,1,1,1,1,.5,1,2,1,2,4,1,4,8,#1df1f6,#000000,#ee5ed2,#FFFFFF
195,Quagsire,UU,Water,Ground,Damp,Unaware,95,85,85,65,65,35,430,C+,.0080022,70,,Defense,.56666666,.56666666,Physical,,1,,,,,1,1,1,2,1,1,2,1,1,.5,2,1,1,2,1,2,2,1,1,1,1,0,1,1,.5,1,1,4,1,1,1,.5,1,.5,.5,1,4,8,#0819fb,#FFFFFF,#e7cc58,#000000
553,Krookodile,UU,Ground,Dark,Intimidate,Anger Point,95,117,80,65,70,92,519,C,.0178916,71,8,Offense,.64285713,.53333336,Physical,1,,1,,,,1,1,1,2,1,1,2,1,2,1,1,1,1,2,2,2,2,1,2,.5,1,0,2,2,1,1,.5,2,1,2,1,.5,0,.5,1,2,4,9,#e7cc58,#000000,#000000,#FFFFFF
473,Mamoswine,UU,Ice,Ground,Oblivious,Thick Fat,110,130,80,70,60,80,530,C,.020727,72,8,Offense,.64999998,.5714286,Physical,1,,1,,1,1,1,1,2,2,1,1,2,2,1,2,2,1,1,2,1,2,2,1,1,1,1,0,1,2,2,1,1,2,1,1,1,.5,1,1,2,2,4,9,#1df1f6,#000000,#e7cc58,#000000
647,Keldeo,UU,Water,Fighting,Justified,,91,72,90,129,90,108,580,C,.0115096,73,9,Offense,.35820895,.5,Special,,,1,,1,1,1,2,1,1,1,1,2,1,1,1,2,2,2,1,1,2,2,1,.5,.5,1,2,2,1,.5,2,1,2,1,.5,1,1,2,.5,.5,.5,4,9,#0819fb,#FFFFFF,#a9240d,#FFFFFF
625,Bisharp,UU,Dark,Steel,Defiant,Pressure,65,125,100,60,70,70,490,C,.0156695,74,,Offense,.67567569,.58823532,Physical,1,,,,1,,1,1,1,1,2,1,1,1,2,1,1,2,1,1,2,2,1,1,1,.5,.5,1,1,4,2,.5,.5,.5,2,.5,.5,0,0,.5,.5,1,4,9,#000000,#FFFFFF,#c3c4c5,#000000
793,Nihilego,UU,Rock,Poison,Beast Boost,,109,53,47,127,131,103,570,C,.0137856,75,6,Offense,.29444444,.26404494,Special,1,,,,,1,2,1,1,1,2,1,2,2,1,2,.5,2,1,1,1,1,.5,1,.5,1,1,1,.5,1,.5,.5,1,1,4,1,.5,.25,2,1,2,2,4,9,#eac56e,#000000,#370454,#FFFFFF
65,Alakazam,UU,Psychic,,Synchronize,Magic Guard,55,50,45,135,95,120,500,C,.0135753,76,,Offense,.27027026,.32142857,Special,,1,1,,,1,1,0,1,1,1,2,1,1,1,1,1,1,1,2,.5,1,.5,1,2,2,1,1,1,.5,1,1,2,1,1,1,1,1,.5,1,1,1,4,9,#f90da7,#FFFFFF,,
534,Conkeldurr,UU,Fighting,,Guts,Iron Fist,105,140,95,55,65,45,505,C,.0127811,77,5,Offense,.71794873,.59375,Physical,,,,,1,,.5,2,1,1,.5,1,1,.5,0,1,1,2,2,.5,.5,2,2,1,.5,.5,1,1,2,1,1,2,1,1,1,1,1,1,2,.5,1,1,4,9,#a9240d,#FFFFFF,,
861,Grimmsnarl,UU,Dark,Fairy,Prankster,Pickpocket,95,120,65,95,75,60,510,C,.0167105,78,7,Offense,.55813956,.4642857,Physical,,,,,1,1,1,2,2,1,1,2,1,1,2,1,1,1,1,1,2,1,1,1,1,.25,0,1,2,1,1,1,.5,1,1,1,1,2,0,1,2,1,4,9,#000000,#FFFFFF,#ee5ed2,#FFFFFF
730,Primarina,UU,Water,Fairy,Torrent,Liquid Voice,80,74,74,126,116,60,530,C-,.0088458,79,,Offense,.37,.38947368,Special,,,1,,1,1,1,2,2,1,1,2,2,1,1,1,2,1,1,1,1,2,1,1,.5,.5,0,2,1,.5,.5,1,1,2,1,.5,1,2,1,1,1,.5,4,10,#0819fb,#FFFFFF,#ee5ed2,#FFFFFF
130,Gyarados,UU,Water,Flying,Intimidate,Moxie,95,125,79,60,100,81,540,C-,.0127784,80,7,Offense,.67567569,.44134077,Physical,,,1,,,1,2,1,1,1,1,2,2,1,1,2,2,1,1,1,1,2,1,1,.5,1,1,4,1,.5,.5,1,1,1,0,1,1,1,1,2,.5,.5,4,10,#0819fb,#FFFFFF,#b7c9c9,#000000
373,Salamence,UU,Dragon,Flying,Intimidate,Moxie,95,135,80,110,80,100,600,,.0134645,81,4,Offense,.55102038,.5,Physical,,1,1,1,,,2,1,2,1,1,2,1,1,1,2,1,1,1,1,1,1,.5,1,.5,1,2,1,2,.5,.5,1,1,.25,0,4,1,1,1,2,1,.5,4,11,#580858,#FFFFFF,#b7c9c9,#000000
113,Chansey,UU,Normal,,Natural Cure,Healer,250,5,5,35,105,50,450,,.0152841,82,8,Defense,.125,.045454547,Special,1,1,1,,,1,1,1,1,1,1,1,1,1,0,1,1,1,1,1,1,.5,.5,1,1,1,1,1,1,2,1,1,0,1,1,1,1,1,1,1,1,1,4,11,#cdd5d6,#000000,,
745,Lycanroc-Dusk,UU,Rock,,Tough Claws,,75,117,65,55,65,110,487,,.0083844,83,,Offense,.68023258,.5,Physical,1,,1,,1,,2,1,1,1,1,.5,2,2,1,1,.5,2,1,1,1,1,.5,1,1,1,1,1,1,2,.5,.5,1,2,2,1,.5,.5,1,1,2,2,4,11,#eac56e,#000000,,
73,Tentacruel,UU,Water,Poison,Clear Body,Rain Dish,80,70,65,80,120,100,515,,.0046756,84,,Mixed,.46666667,.35135135,Mixed,,,,,,1,1,1,1,1,2,1,2,1,1,2,2,1,1,1,1,2,1,1,.5,1,1,2,.5,.5,.5,1,1,1,2,.5,1,.5,2,1,.5,.5,4,11,#0819fb,#FFFFFF,#370454,#FFFFFF
482,Azelf,UU,Psychic,,Levitate,,75,125,70,125,70,115,580,,.0062593,85,,Offense,.5,.5,Mixed,1,,1,,,1,1,0,1,1,1,2,1,1,1,1,1,1,1,2,.5,1,.5,1,2,2,1,1,1,.5,1,1,2,1,0,1,1,1,.5,1,1,1,4,11,#f90da7,#FFFFFF,,
660,Diggersby,RUBL,Normal,Ground,Pickup,Huge Power,85,56,77,50,77,78,423,C,.0089183,86,,Offense,.52830189,.5,Mixed,1,,1,,1,,1,1,1,2,1,1,2,1,1,1,1,1,1,2,1,2,2,1,1,1,1,0,1,2,1,1,0,2,1,2,1,.5,1,.5,1,2,5,9,#cdd5d6,#000000,#e7cc58,#000000
3,Venusaur,RUBL,Grass,Poison,Overgrow,Chlorophyll,80,82,83,100,100,80,525,C,.0210231,87,,Offense,.45054945,.45355192,Mixed,,1,1,,,1,1,1,1,1,2,1,1,1,1,2,2,1,1,.5,1,2,.5,2,1,1,1,.5,.5,.5,2,2,1,.25,1,2,1,1,2,1,1,.5,5,9,#31a31f,#FFFFFF,#370454,#FFFFFF
545,Scolipede,RUBL,Bug,Poison,Poison Point,Speed Boost,60,100,89,55,69,112,485,,.0036818,88,10,Offense,.64516127,.56329113,Physical,1,,,,,,1,2,1,1,2,1,1,1,.5,2,1,1,1,.5,2,1,.5,1,.5,1,1,1,.5,.25,2,2,1,.25,1,1,1,.5,2,2,1,1,5,11,#79c379,#000000,#370454,#FFFFFF
612,Haxorus,RUBL,Dragon,,Rivalry,Unnerve,76,147,90,60,70,97,540,,.0043836,89,11,Offense,.71014494,.5625,Physical,,,1,,,,1,1,2,1,0,1,1,1,1,1,1,1,1,1,1,1,.5,1,1,1,2,.5,2,1,.5,1,1,.5,1,2,1,1,1,1,1,.5,5,11,#580858,#FFFFFF,,
245,Suicune,RU,Water,,Pressure,Inner Focus,100,75,115,90,115,85,580,B+,.0138477,90,11,Defense,.45454547,.5,Mixed,,,1,,1,1,1,1,.5,1,1,1,2,1,1,.5,2,1,1,1,1,2,1,.5,1,1,1,2,1,1,.5,1,1,2,1,.5,1,1,1,1,.5,.5,6,5,#0819fb,#FFFFFF,,
462,Magnezone,RU,Electric,Steel,Magnet Pull,Analytic,70,70,115,130,90,60,535,B,.0209252,91,10,Offense,.34999999,.56097561,Special,,,1,,,1,1,1,1,.5,2,1,1,2,1,1,1,2,1,1,1,2,1,2,.5,1,.5,.5,.5,2,2,.25,1,.5,4,.5,.5,0,.5,.5,.25,1,6,6,#f0f200,#000000,#c3c4c5,#000000
893,Zarude,RU,Dark,Grass,Leaf Guard,,105,120,105,70,95,105,600,B,.0130913,92,11,Offense,.63157892,.52499998,Physical,,1,1,,,,1,1,1,1,1,1,1,1,2,1,2,1,1,1,2,2,1,2,4,.5,1,.5,2,2,2,2,.5,.5,.5,2,1,2,0,1,1,.5,6,6,#000000,#FFFFFF,#31a31f,#FFFFFF
579,Reuniclus,RU,Psychic,,Overcoat,Regenerator,110,65,75,125,85,30,490,C+,.0093783,93,,Mixed,.34210527,.46875,Special,,1,,,,1,1,0,1,1,1,2,1,1,1,1,1,1,1,2,.5,1,.5,1,2,2,1,1,1,.5,1,1,2,1,1,1,1,1,.5,1,1,1,6,8,#f90da7,#FFFFFF,,
468,Togekiss,RU,Fairy,Flying,Hustle,Super Luck,85,50,95,120,115,80,545,C+,.0205961,94,11,Offense,.29411766,.45238096,Special,,1,,1,1,1,2,2,2,1,1,2,1,1,1,2,1,1,1,1,1,1,.5,1,.25,.5,0,2,1,.25,1,1,1,.5,0,2,1,2,1,2,2,1,6,8,#ee5ed2,#FFFFFF,#b7c9c9,#000000
862,Obstagoon,RU,Dark,Normal,Reckless,Defiant,93,90,101,60,81,95,520,C+,.0137236,95,,Offense,.60000002,.55494505,Physical,,,,,,,1,1,1,1,1,1,1,1,2,1,1,1,1,1,2,1,1,1,2,.5,1,1,2,4,1,1,0,1,1,1,1,1,0,1,1,1,6,8,#000000,#FFFFFF,#cdd5d6,#000000
642,Thundurus,RU,Electric,Flying,Prankster,Defiant,79,115,70,125,80,111,580,C,.0031524,96,,Offense,.47916666,.46666667,Mixed,,,1,1,,,2,1,1,.5,1,2,1,2,1,2,1,1,1,1,1,1,1,2,.5,1,1,1,1,.5,1,.5,1,.5,0,2,1,1,1,2,.5,1,6,9,#f0f200,#000000,#b7c9c9,#000000
721,Volcanion,RU,Fire,Water,Water Absorb,,80,110,120,130,90,70,600,C,.0163661,97,3,Offense,.45833334,.5714286,Mixed,,,1,1,,,2,1,.5,1,1,1,2,1,1,2,2,2,1,1,1,2,2,.5,.5,1,1,2,.5,1,.25,1,1,1,2,.25,1,1,1,2,.25,0,6,9,#f46a1f,#FFFFFF,#0819fb,#FFFFFF
464,Rhyperior,RU,Ground,Rock,Lightning Rod,Reckless,115,140,130,55,55,40,535,C,.0091142,98,,Offense,.71794873,.7027027,Physical,1,,1,,,,2,1,1,2,1,1,2,2,1,1,1,2,1,2,1,2,2,1,1,1,1,0,1,2,.5,.5,1,4,2,2,.5,.25,1,.5,2,4,6,9,#e7cc58,#000000,#eac56e,#000000
727,Incineroar,RU,Fire,Dark,Blaze,Intimidate,95,115,90,80,90,60,530,C,.0085657,99,10,Offense,.58974361,.5,Physical,,,1,,1,,2,1,1,1,1,1,1,1,2,2,1,2,1,1,2,1,2,1,1,.5,1,1,1,2,.5,1,.5,.5,2,.5,1,1,0,2,.5,2,6,9,#f46a1f,#FFFFFF,#000000,#FFFFFF
778,Mimikyu,RU,Ghost,Fairy,Disguise,,55,90,80,50,105,96,476,C,.0082028,100,11,Offense,.64285713,.43243244,Physical,,,,,1,1,1,2,2,1,1,2,1,1,2,1,1,1,1,1,2,1,1,1,.25,1,0,1,1,0,1,1,2,1,1,1,0,1,1,1,2,1,6,9,#8d2d63,#FFFFFF,#ee5ed2,#FFFFFF
800,Necrozma,RU,Psychic,,Prism Armor,,97,107,101,127,89,79,600,C,.0023085,101,,Mixed,.45726496,.53157896,Mixed,1,1,,,,1,1,0,1,1,1,2,1,1,1,1,1,1,1,2,.5,1,.5,1,2,2,1,1,1,.5,1,1,2,1,1,1,1,1,.5,1,1,1,6,9,#f90da7,#FFFFFF,,
537,Seismitoad,RU,Water,Ground,Swift Swim,Water Absorb,105,95,75,85,75,74,509,C,.0196773,102,5,Mixed,.52777779,.5,Mixed,1,,,,,,1,1,1,2,1,1,2,1,1,.5,2,1,1,2,1,2,2,1,1,1,1,0,1,1,.5,1,1,4,1,1,1,.5,1,.5,.5,0,6,9,#0819fb,#FFFFFF,#e7cc58,#000000
110,Weezing-Galar,RU,Poison,Fairy,Levitate,Misty Surge,65,90,120,85,70,60,490,C,.0101694,103,,Mixed,.51428574,.63157892,Mixed,,,,1,,,1,2,2,1,2,2,1,1,1,2,1,1,1,.5,1,1,.5,1,.25,.5,0,1,.5,.25,1,1,1,.5,0,1,1,1,2,1,2,1,6,9,#370454,#FFFFFF,#ee5ed2,#FFFFFF
105,Marowak-Alola,RU,Fire,Ghost,Cursed Body,Rock Head,60,80,110,50,80,45,425,C,.0140854,104,12,Offense,.61538464,.57894737,Physical,1,,,,,,2,1,1,1,1,1,1,1,2,2,1,2,1,1,2,1,2,1,.25,2,1,1,.5,0,.5,1,2,.5,2,.5,0,.5,1,2,.5,2,6,9,#f46a1f,#FFFFFF,#8d2d63,#FFFFFF
896,Glastrier,RU,Ice,,Chilling Neigh,,100,145,130,65,110,30,580,C,.0068981,105,,Offense,.69047618,.54166669,Physical,,,,,,,1,1,2,1,1,1,.5,2,1,2,2,.5,1,1,1,1,.5,.5,1,1,1,1,1,2,2,1,1,1,1,.5,1,1,1,2,2,1,6,9,#1df1f6,#000000,,
80,Slowbro-Galar,RU,Poison,Psychic,Quick Draw,Regenerator,95,100,95,100,70,30,490,C-,.0040096,106,,Defense,.5,.57575756,Physical,,1,,,,1,1,1,1,1,2,2,1,1,1,2,1,1,1,2,1,1,.5,1,1,2,1,1,.5,.25,1,1,2,.5,2,1,1,.5,1,1,1,1,6,10,#370454,#FFFFFF,#f90da7,#FFFFFF
805,Stakataka,RU,Rock,Steel,Beast Boost,,61,131,211,53,101,13,570,C-,.0072387,107,,Mixed,.7119565,.67628205,Physical,1,,,,,1,2,1,1,1,2,1,2,2,1,1,1,2,1,1,1,2,.5,1,.5,1,.5,1,.5,4,1,.25,1,1,4,.5,.25,0,.5,.5,1,2,6,10,#eac56e,#000000,#c3c4c5,#000000
91,Cloyster,RU,Water,Ice,Shell Armor,Overcoat,50,95,180,85,45,70,525,C-,.0113706,108,,Offense,.52777779,.80000001,Mixed,1,,1,,1,1,1,1,2,1,1,1,2,2,1,2,2,1,1,1,1,2,1,.5,1,1,1,2,1,2,1,1,1,2,1,.25,1,1,1,2,1,.5,6,10,#0819fb,#FFFFFF,#1df1f6,#000000
895,Regidrago,RU,Dragon,,Dragon's Maw,,200,100,50,100,50,80,580,C-,.0088547,109,9,Offense,.5,.5,Mixed,,,,,,1,1,1,2,1,0,1,1,1,1,1,1,1,1,1,1,1,.5,1,1,1,2,.5,2,1,.5,1,1,.5,1,2,1,1,1,1,1,.5,6,10,#580858,#FFFFFF,,
233,Porygon2,RU,Normal,,Trace,Analytic,85,80,90,105,95,60,515,C-,.0104446,110,,Offense,.43243244,.48648649,Special,,1,,,,,1,1,1,1,1,1,1,1,0,1,1,1,1,1,1,.5,.5,1,1,1,1,1,1,2,1,1,0,1,1,1,1,1,1,1,1,1,6,10,#cdd5d6,#000000,,
609,Chandelure,RU,Ghost,Fire,Flash Fire,Infiltrator,60,55,90,145,90,80,520,,.0054598,111,,Offense,.27500001,.5,Special,,,,,,,2,1,1,1,1,1,1,1,2,2,1,2,1,1,2,1,2,1,.25,2,1,1,.5,0,0,1,2,.5,2,.5,0,.5,1,2,.5,2,6,11,#8d2d63,#FFFFFF,#f46a1f,#FFFFFF
680,Doublade,RU,Steel,Ghost,No Guard,,59,110,150,45,49,35,448,,.0006973,112,,Offense,.7096774,.75376886,Physical,,,,,1,1,1,1,1,1,2,1,1,1,2,1,1,2,1,1,2,2,1,1,.25,2,.5,1,.5,0,2,.5,2,.5,2,.5,0,0,.5,.5,.5,1,6,11,#c3c4c5,#000000,#8d2d63,#FFFFFF
638,Cobalion,RU,Steel,Fighting,Justified,,91,90,129,90,72,108,580,,.0017169,113,11,Offense,.5,.64179105,Mixed,1,,1,,,1,1,2,1,1,2,1,1,1,1,1,1,2,2,1,1,2,2,1,.25,.5,.5,1,1,2,2,1,1,.5,2,.5,.5,0,1,.25,.5,1,6,11,#c3c4c5,#000000,#a9240d,#FFFFFF
718,Zygarde-10%,RU,Dragon,Ground,Aura Break,,54,100,71,61,85,115,486,,.0043942,114,12,Offense,.62111801,.45512819,Physical,,,,,1,,1,1,2,2,1,1,2,1,1,1,1,1,1,2,1,2,2,1,1,1,2,0,2,1,.5,1,1,1,1,4,1,.5,1,.5,1,1,6,11,#580858,#FFFFFF,#e7cc58,#000000
715,Noivern,RU,Flying,Dragon,Frisk,Telepathy,85,70,80,97,80,123,535,,.0018723,115,,Offense,.41916168,.5,Special,,1,1,1,,,2,1,2,1,1,2,1,1,1,2,1,1,1,1,1,1,.5,1,.5,1,2,1,2,.5,.5,1,1,.25,0,4,1,1,1,2,1,.5,6,11,#b7c9c9,#000000,#580858,#FFFFFF
707,Klefki,RU,Steel,Fairy,Prankster,Magician,57,80,91,80,87,75,470,,.0077445,116,10,Mixed,.5,.51123595,Mixed,1,,,1,,1,1,2,2,1,2,2,.5,1,1,1,1,2,1,1,1,2,.5,1,.25,.5,0,1,.5,1,2,.5,1,.5,2,.5,.5,0,.5,.5,1,1,6,11,#c3c4c5,#000000,#ee5ed2,#FFFFFF
197,Umbreon,RU,Dark,,Synchronize,Inner Focus,95,65,110,60,130,65,525,,.0064295,117,7,Defense,.51999998,.45833334,Mixed,,1,,,1,,1,.5,1,1,.5,.5,1,1,2,1,1,1,1,1,2,1,1,1,2,.5,1,1,2,2,1,1,.5,1,1,1,1,1,0,1,1,1,6,11,#000000,#FFFFFF,,
243,Raikou,RU,Electric,,Pressure,Inner Focus,90,85,75,115,100,115,580,,.0024015,118,12,Offense,.42500001,.42857143,Special,,,1,,1,1,1,1,.5,.5,1,1,1,2,1,.5,0,1,1,1,1,1,1,2,1,1,1,.5,1,1,1,.5,1,1,2,1,1,1,1,1,.5,1,6,11,#f0f200,#000000,,
555,Darmanitan,RU,Fire,,Sheer Force,Zen Mode,105,140,55,30,55,95,480,,.0062963,119,10,Offense,.82352942,.5,Physical,,,1,,,,2,1,.5,1,1,1,.5,1,1,2,1,2,1,1,1,.5,2,.5,.5,1,1,1,.5,1,.5,1,1,.5,2,.5,1,1,1,2,.5,2,6,11,#f46a1f,#FFFFFF,,
169,Crobat,RU,Poison,Flying,Inner Focus,Infiltrator,85,90,80,70,80,130,535,,.0031458,120,,Offense,.5625,.5,Physical,,1,1,1,,,2,1,1,1,2,2,1,1,1,2,1,1,1,1,1,.5,.5,1,.25,1,1,2,.5,.25,1,1,1,.25,0,2,1,.5,2,2,1,1,6,11,#370454,#FFFFFF,#b7c9c9,#000000
282,Gardevoir,RU,Psychic,Fairy,Synchronize,Telepathy,68,65,65,125,115,80,518,,.0053628,121,,Offense,.34210527,.3611111,Special,,1,1,,,1,1,2,2,1,1,2,1,1,1,1,1,1,1,2,1,1,.5,1,1,1,0,1,1,.25,1,1,2,1,1,1,1,2,.5,1,2,1,6,11,#f90da7,#FFFFFF,#ee5ed2,#FFFFFF
376,Metagross,RU,Steel,Psychic,Clear Body,Light Metal,80,135,130,95,90,70,600,,.0081427,122,11,Offense,.5869565,.59090906,Physical,1,,,,1,1,1,1,1,1,2,2,1,1,1,1,1,2,1,2,1,2,.5,1,1,2,.5,1,.5,1,2,.5,2,.5,2,.5,.5,0,.25,.5,.5,1,6,11,#c3c4c5,#000000,#f90da7,#FFFFFF
796,Xurkitree,RU,Electric,,Beast Boost,,83,89,71,173,71,83,570,,.0040356,123,4,Offense,.33969465,.5,Special,,,1,,,1,1,1,.5,.5,1,1,1,2,1,.5,0,1,1,1,1,1,1,2,1,1,1,.5,1,1,1,.5,1,1,2,1,1,1,1,1,.5,1,6,11,#f0f200,#000000,,
244,Entei,RU,Fire,,Pressure,Inner Focus,115,115,85,90,75,100,580,,.0030459,124,12,Offense,.56097561,.53125,Physical,,,1,,1,1,2,1,.5,1,1,1,.5,1,1,2,1,2,1,1,1,.5,2,.5,.5,1,1,1,.5,1,.5,1,1,.5,2,.5,1,1,1,2,.5,2,6,11,#f46a1f,#FFFFFF,,
143,Snorlax,RU,Normal,,Immunity,Gluttony,160,110,65,65,110,30,540,,.0078148,125,,Offense,.62857145,.37142858,Physical,,,1,,,1,1,1,1,1,1,1,1,1,0,1,1,1,1,1,1,.5,.5,1,1,1,1,1,1,2,1,1,0,1,1,1,1,1,1,1,1,1,6,11,#cdd5d6,#000000,,
208,Steelix,RU,Steel,Ground,Rock Head,Sheer Force,75,85,200,55,65,30,510,,.0020283,126,,Defense,.60714287,.75471699,Physical,1,,1,,,,1,1,1,2,2,1,2,1,1,1,1,2,1,2,1,2,2,1,.5,1,.5,0,.5,2,2,.5,1,1,2,1,.5,0,.5,.25,.5,2,6,11,#c3c4c5,#000000,#e7cc58,#000000
379,Registeel,RU,Steel,,Clear Body,Light Metal,80,75,150,75,150,50,580,,.0044662,127,,Defense,.5,.5,Mixed,1,,,,,,1,1,1,.5,2,1,.5,1,1,1,1,2,1,1,1,2,.5,.5,.5,1,.5,1,.5,2,2,.5,1,.5,2,.5,.5,0,.5,.5,.5,1,6,11,#c3c4c5,#000000,,
350,Milotic,RU,Water,,Marvel Scale,Cute Charm,95,60,79,100,125,81,540,,.0054459,128,6,Defense,.375,.38725489,Special,,1,1,,,1,1,1,.5,1,1,1,2,1,1,.5,2,1,1,1,1,2,1,.5,1,1,1,2,1,1,.5,1,1,2,1,.5,1,1,1,1,.5,.5,6,11,#0819fb,#FFFFFF,,
214,Heracross,RU,Bug,Fighting,Swarm,Moxie,80,125,75,40,95,85,500,,.0029172,129,,Offense,.75757575,.44117647,Physical,1,,,,,,1,2,1,1,.5,1,1,.5,.5,2,1,2,2,.5,2,2,2,1,.5,.5,1,1,2,.5,2,4,1,.5,.5,1,1,1,2,1,1,1,6,11,#79c379,#000000,#a9240d,#FFFFFF
849,Toxtricity,NUBL,Electric,Poison,Punk Rock,Technician,75,98,70,114,70,75,502,C,.0076124,130,,Offense,.46226415,.5,Mixed,,,1,,,,1,1,1,1,2,1,1,2,1,2,.5,1,1,1,1,1,1,2,.5,1,1,.5,.5,.5,1,.5,1,.5,4,1,1,.5,2,1,.5,1,7,9,#f0f200,#000000,#370454,#FFFFFF
881,Arctozolt,NUBL,Electric,Ice,Volt Absorb,Slush Rush,90,100,90,90,80,55,505,C-,.0121001,131,,Offense,.52631581,.52941179,Mixed,,,,,,,1,1,2,1,1,1,1,2,1,2,2,1,1,1,1,1,1,2,1,1,1,0,1,2,2,.5,1,1,2,.5,1,1,1,2,1,1,7,10,#f0f200,#000000,#1df1f6,#000000
855,Polteageist,NUBL,Ghost,,Weak Armor,Cursed Body,60,65,65,134,114,70,508,,.0048774,132,,Offense,.32663316,.36312848,Special,,1,,,1,1,1,.5,1,1,1,1,1,1,2,1,1,1,0,1,2,1,1,1,.5,2,1,1,1,0,1,1,2,1,1,1,0,.5,1,1,1,1,7,11,#8d2d63,#FFFFFF,,
319,Sharpedo,NUBL,Water,Dark,Rough Skin,Speed Boost,70,120,40,95,40,95,460,,.001818,133,,Offense,.55813956,.5,Physical,,,1,,1,,1,1,1,1,1,1,2,1,2,1,2,1,1,1,2,2,1,1,2,.5,1,2,2,2,.5,1,.5,2,1,.5,1,1,0,1,.5,.5,7,11,#0819fb,#FFFFFF,#000000,#FFFFFF
641,Tornadus,NUBL,Flying,,Prankster,Defiant,79,115,70,125,80,111,580,,.0012966,134,,Offense,.47916666,.46666667,Mixed,,,1,1,,,2,1,1,.5,1,2,1,1,1,2,1,1,1,1,1,.5,.5,1,.5,1,1,2,1,.5,1,1,1,.5,0,2,1,1,1,2,1,1,7,11,#b7c9c9,#000000,,
876,Indeedee,NUBL,Psychic,Normal,Inner Focus,Psychic Surge,60,65,55,105,95,95,475,,.0031487,135,,Offense,.38235295,.36666667,Special,,,,,1,,1,1,1,1,1,2,1,1,1,1,1,1,1,2,1,1,.5,1,2,2,1,1,1,1,1,1,0,1,1,1,1,1,.5,1,1,1,7,11,#f90da7,#FFFFFF,#cdd5d6,#000000
632,Durant,NUBL,Bug,Steel,Swarm,Truant,58,109,112,48,48,109,484,,.0016498,136,,Offense,.69426751,.69999999,Physical,,,,,1,,1,2,1,1,2,1,.5,1,1,2,1,2,1,1,2,2,.5,1,.5,1,.5,1,.5,1,4,1,1,.25,1,.5,.5,0,.5,1,.5,1,7,11,#79c379,#000000,#c3c4c5,#000000
689,Barbaracle,NUBL,Rock,Water,Tough Claws,Pickpocket,72,105,115,54,86,68,500,,.0006638,137,,Offense,.66037738,.57213932,Physical,1,,,,,,2,1,1,1,1,1,2,2,1,1,2,2,1,1,1,2,1,1,1,1,1,2,1,2,.25,.5,1,4,2,.5,.5,.5,1,1,1,1,7,11,#eac56e,#000000,#0819fb,#FFFFFF
264,Linoone,NUBL,Normal,,Pickup,Quick Feet,78,70,61,50,61,100,420,,.0011927,138,,Offense,.58333331,.5,Physical,,,1,,1,,1,1,1,1,1,1,1,1,0,1,1,1,1,1,1,.5,.5,1,1,1,1,1,1,2,1,1,0,1,1,1,1,1,1,1,1,1,7,11,#cdd5d6,#000000,,
474,Porygon-Z,NUBL,Normal,,Adaptability,Analytic,85,80,70,135,75,90,535,,.0041016,139,,Offense,.37209302,.48275861,Special,,1,,,,,1,1,1,1,1,1,1,1,0,1,1,1,1,1,1,.5,.5,1,1,1,1,1,1,2,1,1,0,1,1,1,1,1,1,1,1,1,7,11,#cdd5d6,#000000,,
448,Lucario,NUBL,Fighting,Steel,Steadfast,Justified,70,110,70,115,70,90,525,,.0065751,140,10,Offense,.48888889,.5,Mixed,,,1,,1,,1,2,1,1,2,1,1,1,1,1,1,2,2,1,1,2,2,1,.25,.5,.5,1,1,2,2,1,1,.5,2,.5,.5,0,1,.25,.5,1,7,11,#a9240d,#FFFFFF,#c3c4c5,#000000
685,Slurpuff,NUBL,Fairy,,Sweet Veil,Unburden,82,80,86,85,75,72,480,,.0040701,141,,Offense,.4848485,.53416151,Mixed,1,1,,,,1,1,2,2,1,1,2,.5,1,1,1,1,1,1,.5,1,1,.5,1,.5,.5,0,1,1,.5,1,1,1,1,1,1,1,2,1,1,2,1,7,11,#ee5ed2,#FFFFFF,,
561,Sigilyph,NUBL,Psychic,Flying,Wonder Skin,Tinted Lens,72,58,80,103,80,97,490,,.0007657,142,,Offense,.36024845,.5,Special,,1,1,1,,1,2,1,1,1,1,2,1,1,1,2,1,1,1,2,1,1,.5,1,1,2,1,2,1,.25,1,1,2,.5,0,2,1,1,.5,2,1,1,7,11,#f90da7,#FFFFFF,#b7c9c9,#000000
849,Toxtricity-Low-Key,NUBL,Electric,Poison,Punk Rock,Technician,75,98,70,114,70,75,502,,,143,,Offense,.46226415,.5,Mixed,,,1,,,,1,1,1,1,2,1,1,2,1,2,.5,1,1,1,1,1,1,2,.5,1,1,.5,.5,.5,1,.5,1,.5,4,1,1,.5,2,1,.5,1,7,11,#f0f200,#000000,#370454,#FFFFFF
423,Gastrodon,NU,Water,Ground,Sticky Hold,Sand Force,111,83,68,92,82,39,475,B,.015921,144,,Defense,.47428572,.45333335,Mixed,,1,,,,,1,1,1,2,1,1,2,1,1,.5,2,1,1,2,1,2,2,1,1,1,1,0,1,1,.5,1,1,4,1,1,1,.5,1,.5,.5,1,8,6,#0819fb,#FFFFFF,#e7cc58,#000000
324,Torkoal,NU,Fire,,White Smoke,Shell Armor,70,85,140,85,70,20,470,C,.0217301,145,,Defense,.5,.66666669,Physical,1,,,1,,,2,1,.5,1,1,1,.5,1,1,2,1,2,1,1,1,.5,2,.5,.5,1,1,1,.5,1,.5,1,1,.5,2,.5,1,1,1,2,.5,2,8,9,#f46a1f,#FFFFFF,,
488,Cresselia,NU,Psychic,,Levitate,,120,70,120,75,130,85,600,C,.0069685,146,6,Defense,.48275861,.47999999,Mixed,,1,,,,1,1,0,1,1,1,2,1,1,1,1,1,1,1,2,.5,1,.5,1,2,2,1,1,1,.5,1,1,2,1,0,1,1,1,.5,1,1,1,8,9,#f90da7,#FFFFFF,,
758,Salazzle,NU,Poison,Fire,Corrosion,Oblivious,68,64,60,111,60,117,480,C,.0045237,147,,Offense,.36571428,.5,Special,,,,,1,,2,1,1,1,2,1,1,1,1,2,1,2,1,1,1,.5,2,1,.25,1,1,1,.25,.5,.5,1,1,.25,4,.5,1,.5,2,2,.5,2,8,9,#370454,#FFFFFF,#f46a1f,#FFFFFF
752,Araquanid,NU,Water,Bug,Water Bubble,Water Absorb,68,70,92,50,132,42,454,C-,.006199,148,,Offense,.58333331,.4107143,Physical,,,,,,1,1,2,1,1,1,1,2,1,1,2,2,1,1,1,2,2,1,1,1,1,1,2,1,.5,1,2,1,1,.5,.5,1,1,1,2,.5,0,8,10,#0819fb,#FFFFFF,#79c379,#000000
226,Mantine,NU,Water,Flying,Swift Swim,Water Veil,85,40,70,80,140,70,485,C-,.0026659,149,,Defense,.33333334,.33333334,Special,,1,,1,,,2,1,1,1,1,2,2,1,1,2,2,1,1,1,1,2,1,1,.5,1,1,4,1,.5,.5,1,1,1,0,1,1,1,1,2,.5,.5,8,10,#0819fb,#FFFFFF,#b7c9c9,#000000
700,Sylveon,NU,Fairy,,Cute Charm,Pixilate,95,65,65,110,130,60,525,,.0040592,150,7,Mixed,.37142858,.33333334,Special,,1,,,,1,1,2,2,1,1,2,.5,1,1,1,1,1,1,.5,1,1,.5,1,.5,.5,0,1,1,.5,1,1,1,1,1,1,1,2,1,1,2,1,8,11,#ee5ed2,#FFFFFF,,
121,Starmie,NU,Water,Psychic,Illuminate,Analytic,60,75,85,100,85,115,520,,.0031845,151,,Mixed,.42857143,.5,Special,,1,1,1,,1,1,1,1,1,1,2,2,1,1,1,2,1,1,2,1,2,1,1,2,2,1,2,1,.5,.5,1,2,2,1,.5,1,1,.5,1,.5,.5,8,11,#0819fb,#FFFFFF,#f90da7,#FFFFFF
719,Diancie,NU,Rock,Fairy,Clear Body,,50,100,150,100,150,50,600,,.0028235,152,,Offense,.5,.5,Mixed,1,,,,,1,2,2,2,1,1,2,2,2,1,1,1,2,1,1,1,1,.5,1,.5,.5,0,1,1,1,.5,.5,1,2,2,1,.5,1,1,1,4,2,8,11,#eac56e,#000000,#ee5ed2,#FFFFFF
620,Mienshao,NU,Fighting,,Inner Focus,Reckless,65,125,60,95,60,105,510,,.0021696,153,,Offense,.56818181,.5,Physical,,,1,,1,1,.5,2,1,1,.5,1,1,.5,0,1,1,2,2,.5,.5,2,2,1,.5,.5,1,1,2,1,1,2,1,1,1,1,1,1,2,.5,1,1,8,11,#a9240d,#FFFFFF,,
479,Rotom-Mow,NU,Electric,Grass,Levitate,,50,65,107,105,107,86,520,,.0019052,154,,Offense,.38235295,.5,Special,,,,,,,1,1,.5,1,1,1,1,2,1,.5,2,1,1,1,1,2,1,2,2,1,1,.25,1,1,2,1,1,.5,0,2,1,2,1,1,.5,.5,8,11,#f0f200,#000000,#31a31f,#FFFFFF
750,Mudsdale,NU,Ground,,Own Tempo,Inner Focus,100,125,100,55,85,35,500,,.0009833,155,,Offense,.69444442,.54054052,Physical,1,,1,,,,.5,1,1,2,1,1,2,0,1,.5,1,1,1,2,1,2,2,1,1,1,1,0,1,1,1,1,1,2,1,2,1,.5,1,.5,1,2,8,11,#e7cc58,#000000,,
768,Golisopod,NU,Bug,Water,Emergency Exit,,75,125,140,60,90,40,530,,.0025298,156,,Offense,.67567569,.60869563,Physical,1,,,,1,,1,2,1,1,1,1,2,1,1,2,2,1,1,1,2,2,1,1,1,1,1,2,1,.5,1,2,1,1,.5,.5,1,1,1,2,.5,.5,8,11,#79c379,#000000,#0819fb,#FFFFFF
59,Arcanine,NU,Fire,,Intimidate,Justified,90,110,80,100,80,95,555,,.004404,157,,Defense,.52380955,.5,Mixed,,,1,,1,1,2,1,.5,1,1,1,.5,1,1,2,1,2,1,1,1,.5,2,.5,.5,1,1,1,.5,1,.5,1,1,.5,2,.5,1,1,1,2,.5,2,8,11,#f46a1f,#FFFFFF,,
330,Flygon,NU,Ground,Dragon,Levitate,,80,100,80,80,80,100,520,,.0020499,158,,Offense,.55555558,.5,Physical,,1,1,1,,,1,1,2,2,1,1,2,1,1,1,1,1,1,2,1,2,2,1,1,1,2,0,2,1,.5,1,1,1,0,4,1,.5,1,.5,1,1,8,11,#e7cc58,#000000,#580858,#FFFFFF
437,Bronzong,NU,Steel,Psychic,Levitate,Heavy Metal,67,89,116,79,116,33,500,,.00208,159,,Mixed,.52976191,.5,Mixed,1,,,,,1,1,1,1,1,2,2,1,1,1,1,1,2,1,2,1,2,.5,1,1,2,.5,1,.5,1,2,.5,2,.5,0,.5,.5,0,.25,.5,.5,1,8,11,#c3c4c5,#000000,#f90da7,#FFFFFF
196,Espeon,NU,Psychic,,Synchronize,Magic Bounce,65,65,60,130,95,110,525,,.0054197,160,,Offense,.33333334,.38709676,Special,,1,,,,1,1,0,1,1,1,2,1,1,1,1,1,1,1,2,.5,1,.5,1,2,2,1,1,1,.5,1,1,2,1,1,1,1,1,.5,1,1,1,8,11,#f90da7,#FFFFFF,,
706,Goodra,NU,Dragon,,Sap Sipper,Gooey,90,100,70,110,150,80,600,,.0049191,161,,Mixed,.47619048,.31818181,Mixed,,,,,,,1,1,2,1,0,1,1,1,1,1,1,1,1,1,1,1,.5,1,1,1,2,.5,2,1,.5,1,1,0,1,2,1,1,1,1,1,.5,8,11,#580858,#FFFFFF,,
571,Zoroark,NU,Dark,,Illusion,,60,105,60,120,60,105,510,,.0042104,162,,Offense,.46666667,.5,Mixed,,,1,,1,,1,.5,1,1,.5,.5,1,1,2,1,1,1,1,1,2,1,1,1,2,.5,1,1,2,2,1,1,.5,1,1,1,1,1,0,1,1,1,8,11,#000000,#FFFFFF,,
9,Blastoise,NU,Water,,Torrent,Rain Dish,79,83,100,85,105,78,530,,.0046924,163,,Offense,.49404761,.48780489,Mixed,,,1,1,1,1,1,1,.5,1,1,1,2,1,1,.5,2,1,1,1,1,2,1,.5,1,1,1,2,1,1,.5,1,1,2,1,.5,1,1,1,1,.5,.5,8,11,#0819fb,#FFFFFF,,
142,Aerodactyl,NU,Rock,Flying,Rock Head,Unnerve,80,105,65,60,75,130,515,,.0029331,164,,Offense,.63636363,.4642857,Physical,1,1,1,1,,1,2,1,1,1,1,2,2,2,1,2,1,2,1,1,1,1,.5,1,.5,1,1,2,1,1,.5,.5,1,1,0,2,.5,.5,1,2,2,2,8,11,#eac56e,#000000,#b7c9c9,#000000
764,Comfey,NU,Fairy,,Flower Veil,Natural Cure,51,52,90,82,110,100,485,,.0034622,165,,Defense,.38805971,.44999999,Special,,1,1,1,,1,1,2,2,1,1,2,.5,1,1,1,1,1,1,.5,1,1,.5,1,.5,.5,0,1,1,.5,1,1,1,1,1,1,1,2,1,1,2,1,8,11,#ee5ed2,#FFFFFF,,
144,Articuno-Galar,NU,Psychic,Flying,Competitive,,90,85,85,125,100,95,580,,.0028294,166,,Offense,.40476191,.45945945,Special,,1,1,,,1,2,1,1,1,1,2,1,1,1,2,1,1,1,2,1,1,.5,1,1,2,1,2,1,.25,1,1,2,.5,0,2,1,1,.5,2,1,1,8,11,#f90da7,#FFFFFF,#b7c9c9,#000000
818,Inteleon,NU,Water,,Torrent,Sniper,70,85,65,125,65,120,530,,.0045759,167,,Offense,.40476191,.5,Special,,,1,,1,1,1,1,.5,1,1,1,2,1,1,.5,2,1,1,1,1,2,1,.5,1,1,1,2,1,1,.5,1,1,2,1,.5,1,1,1,1,.5,.5,8,11,#0819fb,#FFFFFF,,
781,Dhelmise,NU,Ghost,Grass,Steelworker,,70,131,100,86,90,40,517,,.0013292,168,,Offense,.60368663,.52631581,Physical,,1,,1,,,1,1,1,1,1,1,1,1,2,1,2,1,1,1,2,2,1,2,1,2,1,.5,1,0,2,2,2,.5,.5,2,0,1,1,1,1,.5,8,11,#8d2d63,#FFFFFF,#31a31f,#FFFFFF
623,Golurk,NU,Ground,Ghost,Iron Fist,No Guard,89,124,80,55,80,55,483,,.002233,169,,Offense,.6927374,.5,Physical,1,,,,,,1,1,1,2,1,1,2,1,2,1,1,1,1,2,2,2,2,1,.5,2,1,0,1,0,1,1,2,2,1,2,0,.25,1,.5,1,2,8,11,#e7cc58,#000000,#8d2d63,#FFFFFF
251,Celebi,NU,Psychic,Grass,Natural Cure,,100,100,100,100,100,100,600,,.0009877,170,9,Mixed,.5,.5,Mixed,1,1,1,,1,1,1,1,1,1,1,2,1,1,1,1,2,1,1,2,1,2,.5,2,4,2,1,.5,1,.5,2,2,2,.5,.5,2,1,2,.5,1,1,.5,8,11,#f90da7,#FFFFFF,#31a31f,#FFFFFF
452,Drapion,NU,Poison,Dark,Battle Armor,Keen Eye,70,90,110,60,75,95,500,,.0017049,171,,Offense,.60000002,.5945946,Physical,,,1,,,,1,1,1,1,2,1,1,1,2,2,1,1,1,1,2,1,1,1,1,.5,1,1,1,1,1,1,.5,.5,2,1,1,.5,0,1,1,1,8,11,#370454,#FFFFFF,#000000,#FFFFFF
691,Dragalge,NU,Poison,Dragon,Poison Point,Adaptability,65,75,90,97,123,44,494,,.0019052,172,,Offense,.43604651,.42253521,Special,,,1,,,,1,1,2,1,2,1,1,1,1,2,1,1,1,1,1,1,.5,1,.5,1,2,.5,1,.5,.5,1,1,.25,2,2,1,.5,2,1,1,.5,8,11,#370454,#FFFFFF,#580858,#FFFFFF
760,Bewear,NU,Normal,Fighting,Fluffy,Unnerve,120,125,80,55,60,60,500,,.0016561,173,,Offense,.69444442,.5714286,Physical,,,1,,,,1,2,1,1,1,1,1,1,0,1,1,2,2,1,1,2,2,1,.5,.5,1,1,2,2,1,2,0,1,1,1,1,1,2,.5,1,1,8,11,#cdd5d6,#000000,#a9240d,#FFFFFF
724,Decidueye,NU,Grass,Ghost,Overgrow,Long Reach,78,107,75,100,100,70,530,,.0014458,174,,Offense,.51690823,.42857143,Mixed,,1,1,1,1,1,1,1,1,1,1,1,1,1,2,1,2,1,1,1,2,2,1,2,1,2,1,.5,1,0,2,2,2,.5,.5,2,0,1,1,1,1,.5,8,11,#31a31f,#FFFFFF,#8d2d63,#FFFFFF
697,Tyrantrum,NU,Rock,Dragon,Strong Jaw,Rock Head,82,121,119,69,59,71,521,,.0022438,175,,Offense,.63684213,.66853935,Physical,1,,1,,,,2,1,2,1,1,1,2,2,1,1,1,2,1,1,1,1,.5,1,1,1,2,.5,2,2,.25,.5,1,1,2,2,.5,.5,1,1,2,1,8,11,#eac56e,#000000,#580858,#FFFFFF
675,Pangoro,NU,Fighting,Dark,Iron Fist,Scrappy,95,124,78,69,71,58,495,,.0007358,176,,Offense,.64248705,.52348995,Physical,,,1,,1,,1,2,1,1,.5,1,1,1,2,1,1,2,2,1,2,2,2,1,1,.25,1,1,4,2,1,2,.5,1,1,1,1,1,0,.5,1,1,8,11,#a9240d,#FFFFFF,#000000,#FFFFFF
879,Copperajah,NU,Steel,,Sheer Force,Heavy Metal,122,130,69,80,69,30,500,,.0008538,177,,Offense,.61904764,.5,Physical,1,,,,,,1,1,1,.5,2,1,.5,1,1,1,1,2,1,1,1,2,.5,.5,.5,1,.5,1,.5,2,2,.5,1,.5,2,.5,.5,0,.5,.5,.5,1,8,11,#c3c4c5,#000000,,
589,Escavalier,NU,Bug,Steel,Swarm,Overcoat,70,135,105,60,105,20,495,,.0005644,178,,Offense,.69230771,.5,Physical,,,,,,,1,2,1,1,2,1,.5,1,1,2,1,2,1,1,2,2,.5,1,.5,1,.5,1,.5,1,4,1,1,.25,1,.5,.5,0,.5,1,.5,1,8,11,#79c379,#000000,#c3c4c5,#000000
291,Ninjask,NU,Bug,Flying,Speed Boost,Infiltrator,61,90,45,50,50,160,456,,.0011939,179,,Offense,.64285713,.47368422,Physical,,1,1,1,,,2,2,1,1,1,2,1,1,1,2,1,1,1,1,2,1,.5,1,.5,1,1,2,1,.25,2,2,1,.25,0,2,1,1,1,4,1,1,8,11,#79c379,#000000,#b7c9c9,#000000
45,Vileplume,NU,Grass,Poison,Chlorophyll,Effect Spore,75,80,85,110,90,50,490,,.0010915,180,,Defense,.42105263,.48571429,Mixed,,1,,,,1,1,1,1,1,2,1,1,1,1,2,2,1,1,.5,1,2,.5,2,1,1,1,.5,.5,.5,2,2,1,.25,1,2,1,1,2,1,1,.5,8,11,#31a31f,#FFFFFF,#370454,#FFFFFF
230,Kingdra,PUBL,Water,Dragon,Swift Swim,Damp,75,95,95,95,95,85,540,B-,.0125478,181,,Offense,.5,.5,Mixed,,,1,,,,1,1,2,1,1,1,2,1,1,1,2,1,1,1,1,2,1,1,1,1,2,1,2,1,.25,1,1,1,1,1,1,1,1,1,.5,.25,9,7,#0819fb,#FFFFFF,#580858,#FFFFFF
295,Exploud,PUBL,Normal,,Soundproof,Scrappy,104,91,63,91,73,68,490,C,.0042938,182,,Offense,.5,.46323529,Mixed,,,1,,,,1,1,1,1,1,1,1,1,0,1,1,1,1,1,1,.5,.5,1,1,1,1,1,1,2,1,1,0,1,1,1,1,1,1,1,1,1,9,9,#cdd5d6,#000000,,
407,Roserade,PUBL,Grass,Poison,Natural Cure,Technician,60,70,65,125,105,90,515,,.002696,183,,Mixed,.35897437,.38235295,Special,1,1,,,,,1,1,1,1,2,1,1,1,1,2,2,1,1,.5,1,2,.5,2,1,1,1,.5,.5,.5,2,2,1,.25,1,2,1,1,2,1,1,.5,9,11,#31a31f,#FFFFFF,#370454,#FFFFFF
254,Sceptile,PUBL,Grass,,Overgrow,Unburden,70,85,65,105,85,120,530,,.0038358,184,,Offense,.44736841,.43333334,Special,,1,1,,,,.5,1,.5,1,1,1,.5,.5,1,.5,2,1,1,.5,1,2,.5,2,2,1,1,.5,1,1,2,2,1,.5,.5,2,1,2,1,1,1,.5,9,11,#31a31f,#FFFFFF,,
68,Machamp,PUBL,Fighting,,Guts,Steadfast,90,130,80,65,85,55,505,,.0019916,185,,Offense,.66666669,.4848485,Physical,,,,,,1,.5,2,1,1,.5,1,1,.5,0,1,1,2,2,.5,.5,2,2,1,.5,.5,1,1,2,1,1,2,1,1,1,1,1,1,2,.5,1,1,9,11,#a9240d,#FFFFFF,,
865,Sirfetch'd,PUBL,Fighting,,Steadfast,Scrappy,62,135,95,68,82,65,507,,.0017101,186,,,.66502464,.53672314,Mixed,,,,1,1,,.5,2,1,1,.5,1,1,.5,0,1,1,2,2,.5,.5,2,2,1,.5,.5,1,1,2,1,1,2,1,1,1,1,1,1,2,.5,1,1,9,11,#a9240d,#FFFFFF,,
876,Indeedee-F,PUBL,Psychic,Normal,Own Tempo,Psychic Surge,70,55,65,95,105,85,475,,.0006911,187,,Offense,.36666667,.38235295,Special,,,,,1,1,1,1,1,1,1,2,1,1,1,1,1,1,1,2,1,1,.5,1,2,2,1,1,1,1,1,1,0,1,1,1,1,1,.5,1,1,1,9,11,#f90da7,#FFFFFF,#cdd5d6,#000000
26,Raichu-Alola,PUBL,Electric,Psychic,Surge Surfer,,60,85,50,95,85,110,485,,.0064698,188,12,Offense,.47222221,.37037036,Mixed,,,1,,1,1,1,1,1,1,1,2,1,2,1,1,1,1,1,2,1,1,1,2,2,2,1,.5,1,.5,1,.5,2,1,2,1,1,1,.5,1,.5,1,9,11,#f0f200,#000000,#f90da7,#FFFFFF
884,Duraludon,PUBL,Steel,Dragon,Light Metal,Stalwart,70,95,115,120,50,85,535,,.0009742,189,,Offense,.44186047,.69696969,Special,1,,,,,1,1,1,2,1,2,1,1,1,1,1,1,2,1,1,1,2,.5,1,.5,1,1,.5,1,2,1,.5,1,.25,2,1,.5,0,.5,.5,.5,.5,9,11,#c3c4c5,#000000,#580858,#FFFFFF
128,Tauros,PUBL,Normal,,Intimidate,Sheer Force,75,100,95,40,70,110,490,,.0012947,190,,Offense,.71428573,.57575756,Physical,,,,,,,1,1,1,1,1,1,1,1,0,1,1,1,1,1,1,.5,.5,1,1,1,1,1,1,2,1,1,0,1,1,1,1,1,1,1,1,1,9,11,#cdd5d6,#000000,,
178,Xatu,PU,Psychic,Flying,Synchronize,Magic Bounce,65,75,70,95,70,95,470,C,.0020179,191,,,.44117647,.5,Mixed,,1,1,1,1,1,2,1,1,1,1,2,1,1,1,2,1,1,1,2,1,1,.5,1,1,2,1,2,1,.25,1,1,2,.5,0,2,1,1,.5,2,1,1,10,9,#f90da7,#FFFFFF,#b7c9c9,#000000
743,Ribombee,PU,Bug,Fairy,Honey Gather,Sweet Veil,60,55,60,95,70,124,464,C-,.0081863,192,9,Offense,.36666667,.46153846,Special,,1,1,1,,1,1,2,2,1,1,2,.5,1,1,2,1,1,1,.5,2,1,.5,1,.5,.5,0,1,1,.25,2,2,1,.5,.5,1,1,2,1,2,2,1,10,10,#79c379,#000000,#ee5ed2,#FFFFFF
6,Charizard,PU,Fire,Flying,Blaze,Solar Power,78,84,78,109,85,100,534,C-,.0077283,193,,,.43523315,.47852761,Mixed,,1,1,1,,1,2,1,1,1,1,2,1,1,1,2,1,2,1,1,1,.5,2,1,.25,1,1,2,.5,.5,.5,1,1,.25,0,1,1,1,1,4,.5,2,10,10,#f46a1f,#FFFFFF,#b7c9c9,#000000
763,Tsareena,PU,Grass,,Leaf Guard,Sweet Veil,72,120,98,50,98,72,510,,.0012511,194,,,.70588237,.5,Mixed,,1,1,1,,1,.5,1,.5,1,1,1,.5,.5,1,.5,2,1,1,.5,1,2,.5,2,2,1,1,.5,1,1,2,2,1,.5,.5,2,1,2,1,1,1,.5,10,11,#31a31f,#FFFFFF,,
596,Galvantula,PU,Bug,Electric,Compound Eyes,Swarm,70,77,60,97,60,108,472,,.0060456,195,,,.44252872,.5,Mixed,1,,1,,1,1,1,2,1,1,1,1,1,2,1,2,1,1,1,1,2,1,1,2,1,1,1,.5,1,.5,2,1,1,.5,1,1,1,1,1,2,.5,1,10,11,#79c379,#000000,#f0f200,#000000
695,Heliolisk,PU,Electric,Normal,Dry Skin,Solar Power,62,55,52,109,94,109,481,,.003112,196,,,.33536586,.3561644,Mixed,,,1,,,1,1,1,1,1,1,1,1,2,1,1,1,1,1,1,1,1,1,2,1,1,1,.5,1,2,1,.5,0,1,2,1,1,1,1,1,.5,1,10,11,#f0f200,#000000,#cdd5d6,#000000
871,Pincurchin,PU,Electric,,Lightning Rod,Electric Surge,48,101,95,91,85,15,435,,.0010481,197,,,.52604169,.52777779,Mixed,1,1,,,1,,1,1,.5,.5,1,1,1,2,1,.5,0,1,1,1,1,1,1,2,1,1,1,0,1,1,1,.5,1,1,2,1,1,1,1,1,.5,1,10,11,#f0f200,#000000,,
663,Talonflame,PU,Fire,Flying,Flame Body,Gale Wings,78,81,71,74,69,126,499,,.0026128,198,,,.52258062,.50714284,Mixed,,1,1,1,,,2,1,1,1,1,2,1,1,1,2,1,2,1,1,1,.5,2,1,.25,1,1,2,.5,.5,.5,1,1,.25,0,1,1,1,1,4,.5,2,10,11,#f46a1f,#FFFFFF,#b7c9c9,#000000
526,Gigalith,PU,Rock,,Sturdy,Sand Force,85,135,130,60,80,25,515,,.0015742,199,,,.69230771,.61904764,Mixed,1,,,,,,2,1,1,1,1,.5,2,2,1,1,.5,2,1,1,1,1,.5,1,1,1,1,1,1,2,.5,.5,1,2,2,1,.5,.5,1,1,2,2,10,11,#eac56e,#000000,,
135,Jolteon,PU,Electric,,Volt Absorb,Quick Feet,65,65,60,110,95,130,525,,.0025377,200,,,.37142858,.38709676,Mixed,,,1,,,1,1,1,.5,.5,1,1,1,2,1,.5,0,1,1,1,1,1,1,2,1,1,1,0,1,1,1,.5,1,1,2,1,1,1,1,1,.5,1,10,11,#f0f200,#000000,,
134,Vaporeon,PU,Water,,Water Absorb,Hydration,130,65,60,110,95,65,525,,.0031741,201,,,.37142858,.38709676,Mixed,,,1,,,1,1,1,.5,1,1,1,2,1,1,.5,2,1,1,1,1,2,1,.5,1,1,1,2,1,1,.5,1,1,2,1,.5,1,1,1,1,.5,0,10,11,#0819fb,#FFFFFF,,
883,Arctovish,PU,Water,Ice,Water Absorb,Slush Rush,90,90,100,80,90,55,505,,.0034606,202,,,.52941179,.52631581,Mixed,,,,,,1,1,1,2,1,1,1,2,2,1,2,2,1,1,1,1,2,1,.5,1,1,1,2,1,2,1,1,1,2,1,.25,1,1,1,2,1,0,10,11,#0819fb,#FFFFFF,#1df1f6,#000000
547,Whimsicott,PU,Grass,Fairy,Prankster,Chlorophyll,60,67,85,77,75,116,480,,.0036783,203,,,.46527779,.53125,Mixed,,,1,1,,1,1,2,2,1,1,2,.5,1,1,1,2,1,1,.5,1,2,.5,2,1,.5,0,.5,1,.5,2,2,1,.5,.5,2,1,4,1,1,2,.5,10,11,#31a31f,#FFFFFF,#ee5ed2,#FFFFFF
344,Claydol,PU,Ground,Psychic,Levitate,,60,70,105,70,120,75,500,,.0013316,204,,,.5,.46666667,Mixed,1,,1,1,,1,1,1,1,2,1,2,2,1,1,1,1,1,1,2,1,2,2,1,2,2,1,0,1,.5,1,1,2,2,0,2,1,.5,.5,.5,1,2,10,11,#e7cc58,#000000,#f90da7,#FFFFFF
621,Druddigon,PU,Dragon,,Rough Skin,Mold Breaker,77,120,90,60,90,48,485,,.0022875,205,,,.66666669,.5,Mixed,1,,1,,1,,1,1,2,1,0,1,1,1,1,1,1,1,1,1,1,1,.5,1,1,1,2,.5,2,1,.5,1,1,.5,1,2,1,1,1,1,1,.5,10,11,#580858,#FFFFFF,,
28,Sandslash-Alola,PU,Ice,Steel,Snow Cloak,Slush Rush,75,100,120,25,65,65,450,,.0017555,206,,,.80000001,.64864862,Mixed,1,,,1,1,1,1,1,2,1,2,1,.5,2,1,2,2,2,1,1,1,2,.5,.5,.5,1,.5,1,.5,4,4,.5,1,.5,2,.25,.5,0,.5,1,1,1,10,11,#1df1f6,#000000,#c3c4c5,#000000
106,Hitmonlee,PU,Fighting,,Limber,Unburden,50,120,53,35,110,87,455,,.0014568,207,,,.77419353,.32515338,Mixed,,,,,1,,.5,2,1,1,.5,1,1,.5,0,1,1,2,2,.5,.5,2,2,1,.5,.5,1,1,2,1,1,2,1,1,1,1,1,1,2,.5,1,1,10,11,#a9240d,#FFFFFF,,
123,Scyther,PU,Bug,Flying,Swarm,Steadfast,70,110,80,55,80,105,500,,.0011938,208,,,.66666669,.5,Mixed,,1,1,1,,1,2,2,1,1,1,2,1,1,1,2,1,1,1,1,2,1,.5,1,.5,1,1,2,1,.25,2,2,1,.25,0,2,1,1,1,4,1,1,10,11,#79c379,#000000,#b7c9c9,#000000
237,Hitmontop,PU,Fighting,,Intimidate,Steadfast,50,95,95,35,110,70,455,,.0014415,209,,,.73076922,.46341464,Mixed,,,,1,1,,.5,2,1,1,.5,1,1,.5,0,1,1,2,2,.5,.5,2,2,1,.5,.5,1,1,2,1,1,2,1,1,1,1,1,1,2,.5,1,1,10,11,#a9240d,#FFFFFF,,
306,Aggron,PU,Steel,Rock,Sturdy,Heavy Metal,70,110,180,60,60,50,530,,.0021425,210,,,.64705884,.75,Mixed,1,,1,,,,2,1,1,1,2,1,2,2,1,1,1,2,1,1,1,2,.5,1,.5,1,.5,1,.5,4,1,.25,1,1,4,.5,.25,0,.5,.5,1,2,10,11,#c3c4c5,#000000,#eac56e,#000000
377,Regirock,PU,Rock,,Clear Body,Sturdy,80,100,200,50,100,50,580,,.0016983,211,,,.66666669,.66666669,Mixed,1,,,,,,2,1,1,1,1,.5,2,2,1,1,.5,2,1,1,1,1,.5,1,1,1,1,1,1,2,.5,.5,1,2,2,1,.5,.5,1,1,2,2,10,11,#eac56e,#000000,,
359,Absol,PU,Dark,,Pressure,Justified,65,130,60,75,60,75,465,,.0020791,212,,,.63414633,.5,Mixed,,1,,,1,,1,.5,1,1,.5,.5,1,1,2,1,1,1,1,1,2,1,1,1,2,.5,1,1,2,2,1,1,.5,1,1,1,1,1,0,1,1,1,10,11,#000000,#FFFFFF,,
567,Archeops,PU,Rock,Flying,Defeatist,,75,140,65,112,65,110,567,,.002487,213,,,.55555558,.5,Mixed,1,1,1,1,,,2,1,1,1,1,2,2,2,1,2,1,2,1,1,1,1,.5,1,.5,1,1,2,1,1,.5,.5,1,1,0,2,.5,.5,1,2,2,2,10,11,#eac56e,#000000,#b7c9c9,#000000
628,Braviary,PU,Normal,Flying,Keen Eye,Defiant,100,123,75,57,75,80,510,,.0008656,214,,,.68333334,.5,Mixed,,1,1,1,,,2,1,1,1,1,2,1,1,1,2,1,1,1,1,1,.5,.5,1,.5,1,1,2,1,1,1,1,0,.5,0,2,1,1,1,2,1,1,10,11,#cdd5d6,#000000,#b7c9c9,#000000
144,Articuno,PU,Ice,Flying,Pressure,Snow Cloak,90,85,100,95,125,85,580,,.0019098,215,12,,.47222221,.44444445,Mixed,,1,1,1,1,1,2,1,2,1,1,2,1,2,1,2,2,1,1,1,1,1,.5,1,.5,1,1,2,1,1,2,1,1,.5,0,1,1,1,1,4,2,1,10,11,#1df1f6,#000000,#b7c9c9,#000000
640,Virizion,PU,Grass,Fighting,Justified,,91,90,72,90,129,108,580,,.0005197,216,,,.5,.35820895,Mixed,,1,1,,,1,.5,2,1,1,1,1,1,.5,1,1,2,2,2,.5,1,2,2,2,1,.5,1,.5,2,1,2,4,1,.5,.5,2,1,2,2,.5,1,.5,10,11,#31a31f,#FFFFFF,#a9240d,#FFFFFF
844,Sandaconda,PU,Ground,,Sand Spit,Sand Veil,72,107,125,65,70,71,510,,.0018577,217,,,.62209302,.64102566,Mixed,1,,,,,,.5,1,1,2,1,1,2,0,1,.5,1,1,1,2,1,2,2,1,1,1,1,0,1,1,1,1,1,2,1,2,1,.5,1,.5,1,2,10,11,#e7cc58,#000000,,
766,Passimian,PU,Fighting,,Receiver,Defiant,100,120,90,40,60,80,490,,.0001805,218,,,.75,.60000002,Mixed,,,1,,,,.5,2,1,1,.5,1,1,.5,0,1,1,2,2,.5,.5,2,2,1,.5,.5,1,1,2,1,1,2,1,1,1,1,1,1,2,.5,1,1,10,11,#a9240d,#FFFFFF,,
171,Lanturn,PU,Water,Electric,Volt Absorb,Water Absorb,125,58,58,76,76,67,460,,.0011849,219,,,.43283582,.43283582,Mixed,,,1,,1,,1,1,.5,1,1,1,2,2,1,.5,2,1,1,1,1,2,1,2,1,1,1,0,1,1,.5,.5,1,2,2,.5,1,1,1,1,.25,0,10,11,#0819fb,#FFFFFF,#f0f200,#000000
777,Togedemaru,PU,Electric,Steel,Iron Barbs,Sturdy,65,98,63,40,73,96,435,,.0010012,220,,,.71014494,.46323529,Mixed,,1,1,,1,1,1,1,1,.5,2,1,1,2,1,1,1,2,1,1,1,2,1,2,.5,1,.5,.5,.5,2,2,.25,1,.5,4,.5,.5,0,.5,.5,.25,1,10,11,#f0f200,#000000,#c3c4c5,#000000
110,Weezing,PU,Poison,,Levitate,Stench,65,90,120,85,70,60,490,,.0005498,221,,,.51428574,.63157892,Mixed,,,,,,,1,1,1,1,2,1,1,1,.5,2,.5,1,1,.5,1,.5,0,1,.5,1,1,1,.5,.5,1,1,1,.5,0,1,1,.5,2,1,1,1,10,11,#370454,#FFFFFF,,
481,Mesprit,PU,Psychic,,Levitate,,80,105,105,105,105,80,580,,.0002805,222,,,.5,.5,Mixed,1,,1,,,1,1,0,1,1,1,2,1,1,1,1,1,1,1,2,.5,1,.5,1,2,2,1,1,1,.5,1,1,2,1,0,1,1,1,.5,1,1,1,10,11,#f90da7,#FFFFFF,,
683,Aromatisse,PU,Fairy,,Healer,Aroma Veil,101,72,72,99,89,29,462,,.0002388,223,,,.42105263,.44720498,Mixed,,,,,,1,1,2,2,1,1,2,.5,1,1,1,1,1,1,.5,1,1,.5,1,.5,.5,0,1,1,.5,1,1,1,1,1,1,1,2,1,1,2,1,10,11,#ee5ed2,#FFFFFF,,
799,Guzzlord,PU,Dark,Dragon,Beast Boost,,223,101,53,97,53,43,570,,.0006035,224,,,.51010102,.5,Mixed,,,,,,,1,1,2,1,.5,1,1,1,2,1,1,1,1,1,2,1,1,1,2,.5,2,.5,4,2,.5,1,.5,.5,1,2,1,1,0,1,1,.5,10,11,#000000,#FFFFFF,#580858,#FFFFFF
773,Silvally-Fairy,PU,Fairy,,RKS System,,95,95,95,95,95,95,570,,.0002618,225,,,.5,.5,Mixed,,,,,,,1,2,2,1,1,2,.5,1,1,1,1,1,1,.5,1,1,.5,1,.5,.5,0,1,1,.5,1,1,1,1,1,1,1,2,1,1,2,1,10,11,#ee5ed2,#FFFFFF,,
773,Silvally-Steel,PU,Steel,,RKS System,,95,95,95,95,95,95,570,,.000111,226,,,.5,.5,Mixed,,,,,,,1,1,1,.5,2,1,.5,1,1,1,1,2,1,1,1,2,.5,.5,.5,1,.5,1,.5,2,2,.5,1,.5,2,.5,.5,0,.5,.5,.5,1,10,11,#c3c4c5,#000000,,
801,Magearna,,,,,,,,,,,,,,,,,Offense,,,Physical,,,,,,,,,,,,,,,,,,,,,,,,,,,,,,,,,,,,,,,,,,,,,,,,
